# name, mass, radius, period, axis, eccentricity, inclination, angular_distance, publication_status_letter, discovered, updated, omega, tperi, detection_type, molecules, star.name, ra, dec, star.magnitude_v, star.magnitude_i, star.magnitude_j, star.magnitude_h, star.magnitude_k, star.distance, star.metallicity, star.mass, star.radius, star.spec_type, star.age, star.teff
55 Cnc e,0.027,0.194,0.7365449,0.0156,0.06,81.0,0.001264,R,2004,2012-05-11,170.0,2449999.83643,detected by transit,,55 Cnc,08:52:37.0,+28:20:02,5.95,,,,,12.34,0.31,0.905,0.943,K0IV-V,10.2,5196.0
CoRoT-1 b,1.03,1.49,1.5089557,0.0254,0.0,85.1,5.5e-05,C,2007,2012-04-05,,,detected by transit,,CoRoT-1,06:48:19.0,-03:06:08,13.6,,,,,460.0,0.06,0.95,1.11,G0V,,6298.0
CoRoT-10 b,2.75,0.97,13.2406,0.1055,0.53,88.55,0.000306,S,2010,2010-06-14,218.9,54990.85,detected by transit,,CoRoT-10,19:24:15.0,+00:44:46,15.22,,,,,345.0,0.26,0.89,0.79,K1V,3.0,5075.0
CoRoT-11 b,2.49,1.39,2.994325,0.04351,0.0,81.41,7.8e-05,S,2010,2012-07-02,,,detected by transit,,CoRoT-11,18:42:45.0,+05:56:16,12.94,,,,,560.0,-0.03,1.27,1.37,F6V,2.0,6440.0
CoRoT-12 b,0.917,1.44,2.828042,0.04016,0.07,85.48,3.5e-05,S,2010,2010-06-14,105.0,,detected by transit,,CoRoT-12,06:43:04.0,-01:17:47,15.52,,,,,1150.0,0.16,1.078,1.116,G2V,6.3,5675.0
CoRoT-13 b,1.308,0.885,4.03519,0.051,0.0,88.02,3.9e-05,S,2010,2010-07-12,,,detected by transit,,CoRoT-13,06:50:53.0,-05:05:11,15.04,,,,,1310.0,0.01,1.09,1.01,G0V,1.64,5945.0
CoRoT-14 b,7.6,1.09,1.51214,0.027,0.0,79.6,2e-05,S,2010,2010-12-22,,2454787.6702,detected by transit,,CoRoT-14,06:53:42.0,-05:32:10,16.03,,,,,1340.0,0.05,1.13,1.21,F9V,0.6,6035.0
CoRoT-16 b,0.535,1.17,5.35227,0.0618,0.33,85.01,7.4e-05,C,2010,2011-06-14,168.41,,detected by transit,,CoRoT-16,18:34:06.0,-06:00:09,15.64,,,,,840.0,0.19,1.098,1.19,G5V,6.73,5650.0
CoRoT-17 b,2.45,1.02,3.768125,0.0461,0.0,88.34,5e-05,C,2010,2011-05-11,,,detected by transit,,CoRoT-17,18:34:47.0,-06:36:44,15.46,,,,,920.0,0.0,1.04,1.59,G2V,10.7,5740.0
CoRoT-18 b,3.47,1.31,1.9000693,0.0295,0.08,86.5,3.4e-05,S,2011,2012-04-05,,,detected by transit,,CoRoT-18,00:00:00.0,+00:00:00,14.99,,,,,870.0,-0.1,0.95,1.0,G9V,,5440.0
CoRoT-19 b,1.11,1.45,3.89713,0.0518,0.047,87.61,6.5e-05,S,2011,2011-07-05,86.0,,detected by transit,,CoRoT-19,00:00:00.0,+00:00:00,14.78,,,,,800.0,-0.02,1.21,1.65,F9V,5.0,6090.0
CoRoT-2 b,3.31,1.465,1.7429964,0.0281,0.0,87.84,9.4e-05,R,2007,2012-04-05,,,detected by transit,,CoRoT-2,19:27:07.0,+01:23:02,12.57,,,,,300.0,-0.04,0.97,0.902,G7V,,5575.0
CoRoT-20 b,4.24,0.84,9.2,0.0902,0.562,88.21,7.3e-05,S,2011,2011-06-14,56.3,,detected by transit,,CoRoT-20,00:00:00.0,+00:00:00,14.66,,,,,1230.0,0.14,1.14,0.92,G2V,0.1,5880.0
CoRoT-21 b,2.26,1.3,2.72474,0.0417,0.0,86.8,,C,2011,2011-12-13,,,detected by transit,,CoRoT-21,00:00:00.0,+00:00:00,16.0,,,,,,0.0,1.29,1.945,FIV8,4.1,6200.0
CoRoT-23 b,2.8,1.05,3.6314,0.0477,0.16,85.7,8e-05,S,2011,2011-09-20,51.8,,detected by transit,,CoRoT-23,00:00:00.0,+00:00:00,15.63,,,,,600.0,0.05,1.14,1.61,G0V,7.2,5900.0
CoRoT-3 b,21.66,1.01,4.2568,0.057,0.0,85.9,8.4e-05,R,2008,2012-04-05,,,detected by transit,,CoRoT-3,19:28:13.0,+00:07:19,13.3,,,,,680.0,-0.02,1.37,1.56,F3V,2.0,6740.0
CoRoT-4 b,0.72,1.19,9.20205,0.09,0.0,90.0,,R,2008,2008-11-27,,,detected by transit,,CoRoT-4,06:48:47.0,+00:40:22,13.7,,,,,,0.05,1.1,1.15,F8V,1.0,6190.0
CoRoT-5 b,0.467,1.388,4.0378962,0.04947,0.09,85.83,0.000124,C,2008,2009-07-18,-128.3,,detected by transit,,CoRoT-5,06:45:07.0,+00:48:55,14.0,,,,,400.0,-0.25,1.0,1.186,F9V,6.9,6100.0
CoRoT-6 b,2.96,1.166,8.886593,0.0855,0.1,89.07,,R,2009,2010-01-11,,2454595.6144,detected by transit,,CoRoT-6,18:44:18.0,+06:39:48,13.9,,,,,,-0.2,1.055,1.025,F9V,,6090.0
CoRoT-7 b,0.0151,0.15,0.853585,0.0172,0.0,80.1,0.000115,R,2009,2010-10-15,,,detected by transit,,CoRoT-7,06:43:49.0,-01:03:46,11.7,,,,,150.0,0.03,0.93,0.87,K0V,1.5,5313.0
CoRoT-8 b,0.22,0.57,6.21229,0.063,0.0,88.4,0.000166,R,2010,2010-06-14,,,detected by transit,,CoRoT-8,19:26:21.0,+01:25:36,14.8,,,,,380.0,0.3,0.88,0.77,K1V,3.0,5080.0
CoRoT-9 b,0.84,1.05,95.2738,0.407,0.11,89.9,0.000885,R,2010,2010-03-17,37.0,,detected by transit,,CoRoT-9,18:43:09.0,+06:12:15,13.7,,,,,460.0,-0.01,0.99,0.94,G3V,4.0,5625.0
GJ 1214 b,0.02,0.245,1.58040482,0.014,0.27,88.8,0.001077,R,2009,2010-12-07,,,detected by transit,,GJ 1214,17:15:19.0,+04:57:50,14.71,,,,,13.0,0.39,0.153,0.21,M,6.0,2949.0
GJ 436 b,0.0737,0.365,2.6438986,0.02887,0.15,85.8,0.00283,R,2004,2010-10-11,351.0,1551.716,detected by transit,"CO2, CO, H2O",GJ 436,11:42:11.0,+26:42:23,10.68,,,,,10.2,-0.32,0.452,0.464,M2.5,6.0,3684.0
HAT-P-1 b,0.524,1.217,4.4652934,0.05535,0.067,86.28,0.000398,R,2006,2011-02-07,0.0,,detected by transit,,HAT-P-1,22:57:47.0,+38:40:30,10.4,,,,,139.0,0.13,1.133,1.115,GOV,3.6,5975.0
HAT-P-11 b,0.081,0.452,4.887804,0.053,0.198,88.5,0.001395,S,2009,2009-05-09,355.2,,detected by transit,,HAT-P-11,19:50:50.0,+48:04:51,9.59,,,,,38.0,0.31,0.81,0.75,K4,6.5,4780.0
HAT-P-12 b,0.211,0.959,3.2130598,0.0384,0.0,,0.000269,S,2009,2009-05-04,,,detected by transit,,HAT-P-12,13:57:34.0,+43:29:37,12.84,,,,,142.5,-0.29,0.73,0.7,,2.5,4650.0
HAT-P-13 b,0.85,1.28,2.916243,0.0426,0.0142,83.3,0.000199,R,2009,2012-04-08,223.0,,detected by transit,,HAT-P-13,08:39:32.0,+47:21:07,10.62,,,,,214.0,0.43,1.22,1.56,G4,5.0,5638.0
HAT-P-14 b,2.2,1.2,4.627657,0.0594,0.095,83.2,0.00029,R,2010,2012-04-08,99.0,,detected by transit,,HAT-P-14,17:20:28.0,+38:14:32,9.98,,,,,205.0,0.11,1.386,1.468,F,1.3,6600.0
HAT-P-15 b,1.946,1.072,10.863502,0.0964,0.19,89.1,0.000507,R,2010,2010-05-31,262.0,,detected by transit,,HAT-P-15,04:25:00.0,+39:27:38,12.16,,,,,190.0,0.22,1.013,1.08,G5,6.8,5568.0
HAT-P-16 b,4.193,1.289,2.77596,0.0413,0.036,86.6,0.000176,R,2010,2011-05-20,214.0,,detected by transit,,HAT-P-16,00:38:18.0,+42:27:47,10.8,,,,,235.0,0.17,1.218,1.237,F8,2.0,6158.0
HAT-P-17 b,0.534,1.01,10.338523,0.0882,0.346,89.2,0.00098,R,2010,2012-04-03,201.0,,detected by transit,,HAT-P-17,21:38:09.0,+30:29:19,10.54,,,,,90.0,0.0,0.857,0.837,K,7.8,5246.0
HAT-P-18 b,0.197,0.995,5.508023,0.0559,0.084,88.8,0.000337,R,2010,2010-07-29,120.0,,detected by transit,,HAT-P-18,17:05:24.0,+33:00:45,12.76,,,,,166.0,0.1,0.77,0.749,K,12.4,4803.0
HAT-P-19 b,0.292,1.132,4.008778,0.0466,0.067,88.2,0.000217,R,2010,2010-07-29,256.0,,detected by transit,,HAT-P-19,00:38:04.0,+34:42:42,12.9,,,,,215.0,0.23,0.842,0.82,K,8.8,4990.0
HAT-P-2 b,8.74,0.951,5.6334729,0.0674,0.5171,90.0,0.000571,R,2007,2012-07-05,185.22,2454213.4794,detected by transit,,HAT-P-2,16:20:36.0,+41:02:53,8.71,,,,,118.0,0.14,1.36,1.64,F8,2.7,6290.0
HAT-P-20 b,7.246,0.867,2.875317,0.0361,0.015,86.8,0.000516,R,2010,2010-12-11,317.0,,detected by transit,,HAT-P-20,07:27:40.0,+24:20:11,11.34,,,,,70.0,0.35,0.756,0.694,K7,6.7,4595.0
HAT-P-21 b,4.063,1.024,4.124461,0.0494,0.228,87.2,0.000194,R,2010,2010-12-11,300.0,,detected by transit,,HAT-P-21,11:25:06.0,+41:01:41,11.46,,,,,254.0,0.01,0.947,1.105,G3,10.2,5588.0
HAT-P-22 b,2.147,1.08,3.21222,0.0414,0.016,86.9,0.000505,R,2010,2010-12-11,156.0,,detected by transit,,HAT-P-22,10:22:44.0,+50:07:42,9.73,,,,,82.0,0.24,0.916,1.04,G5,12.4,5302.0
HAT-P-23 b,2.09,1.368,1.212884,0.0232,0.106,85.1,5.9e-05,R,2010,2011-05-20,118.0,,detected by transit,,HAT-P-23,20:24:30.0,+16:45:44,11.94,,,,,393.0,0.15,1.13,1.203,G5,4.0,5905.0
HAT-P-24 b,0.685,1.242,3.35524,0.0465,0.067,88.6,0.000152,R,2010,2012-07-05,197.0,,detected by transit,,HAT-P-24,07:15:18.0,+14:15:44,11.82,,,,,306.0,-0.16,1.191,1.317,F8,2.8,6373.0
HAT-P-25 b,0.567,1.19,3.652836,0.0466,0.032,87.6,0.000157,R,2010,2010-12-11,271.0,,detected by transit,,HAT-P-25,03:13:45.0,+25:11:51,13.19,,,,,297.0,0.31,1.01,0.959,G5,3.2,5500.0
HAT-P-26 b,0.059,0.565,4.234516,0.0479,0.124,88.6,0.000357,S,2010,2010-10-07,54.0,,detected by transit,,HAT-P-26,00:00:00.0,+00:00:00,11.74,,,,,134.0,-0.04,0.816,0.788,K1,9.0,5079.0
HAT-P-27_WASP-40 b,0.66,1.055,3.0395721,0.0403,0.078,84.98,0.000198,R,2011,2011-01-25,63.0,,detected by transit,,HAT-P-27/WASP-40,14:51:04.0,+05:56:50,12.21,,,,,204.0,0.29,0.945,0.898,G8,4.4,5300.0
HAT-P-28 b,0.626,1.212,3.257215,0.0434,0.051,88.0,0.00011,R,2011,2011-03-09,233.0,,detected by transit,,HAT-P-28,00:52:00.0,+34:43:42,13.03,,,,,395.0,0.12,1.025,1.103,G3,6.1,5680.0
HAT-P-29 b,0.778,1.107,5.72318,0.0667,0.095,87.1,0.000207,R,2011,2011-03-09,169.0,,detected by transit,,HAT-P-29,02:12:31.0,+51:46:44,11.9,,,,,322.0,0.21,1.207,1.224,F8,2.2,6087.0
HAT-P-3 b,0.591,0.827,2.899703,0.03866,0.0,87.07,0.000297,R,2007,2011-03-26,,,detected by transit,,HAT-P-3,13:44:23.0,+48:01:43,11.86,,9.936,9.542,9.448,130.0,0.41,0.917,0.799,K,1.6,5224.0
HAT-P-30_WASP-51 b,0.711,1.34,2.810595,0.0419,0.035,83.6,0.000217,R,2011,2012-04-08,252.0,,detected by transit,,HAT-P-30/WASP-51,08:15:48.0,+05:50:12,10.42,,,,,193.0,-0.08,1.18,1.33,F,1.0,6250.0
HAT-P-31 b,2.171,1.07,5.005425,0.055,0.245,87.1,0.000155,R,2011,2011-06-08,274.3,,detected by transit,,HAT-P-31,18:06:09.0,+26:25:36,11.66,,,,,354.0,0.15,1.218,1.36,,3.17,6065.0
HAT-P-32 b,0.941,2.037,2.150009,0.0344,0.163,88.7,0.000108,R,2011,2012-07-05,52.0,,detected by transit,,HAT-P-32,02:01:10.0,+46:41:16,11.29,,,,,320.0,-0.16,1.176,1.387,F/G,3.8,6001.0
HAT-P-33 b,0.763,1.827,3.474474,0.0503,0.148,86.7,0.00012,R,2011,2011-06-10,96.0,,detected by transit,,HAT-P-33,07:32:44.0,+33:50:06,11.89,,,,,419.0,0.05,1.403,1.777,F,2.4,6401.0
HAT-P-34 b,3.328,1.107,5.452654,0.0677,0.441,87.1,0.000263,R,2012,2012-07-05,20.0,,detected by transit,,HAT-P-34,20:12:47.0,+18:06:18,10.16,,,,,257.0,0.22,1.392,1.535,,1.7,6442.0
HAT-P-35 b,1.054,1.332,3.646706,0.0498,0.025,87.3,9.3e-05,R,2012,2012-01-14,248.0,,detected by transit,,HAT-P-35,08:13:00.0,+04:47:13,12.46,,,,,535.0,0.11,1.236,1.435,,3.5,6096.0
HAT-P-36 b,1.832,1.264,1.327347,0.0238,0.063,86.0,7.5e-05,R,2012,2012-01-14,95.0,,detected by transit,,HAT-P-36,12:33:03.0,+44:54:55,12.26,,,,,317.0,0.26,1.022,1.096,,6.6,5580.0
HAT-P-37 b,1.169,1.178,2.797436,0.0379,0.058,86.9,9.2e-05,R,2012,2012-01-14,164.0,,detected by transit,,HAT-P-37,18:57:11.0,+51:16:09,13.23,,,,,411.0,0.03,0.929,0.877,,3.6,5500.0
HAT-P-38 b,0.267,0.825,4.640382,0.0523,0.067,88.3,0.00021,S,2012,2012-01-25,240.0,,detected by transit,,HAT-P-38,00:00:00.0,+00:00:00,12.56,,,,,249.0,0.06,0.886,0.923,G,10.1,5330.0
HAT-P-4 b,0.68,1.27,3.0565114,0.0446,0.0,89.67,0.000144,R,2007,2012-04-05,,,detected by transit,,HAT-P-4,15:19:58.0,+36:13:47,11.2,,,,,310.0,0.2,1.26,1.59,F,4.2,5890.0
HAT-P-5 b,1.06,1.252,2.788491,0.04079,0.0,86.75,0.00012,S,2007,2012-05-22,,,detected by transit,,HAT-P-5,18:17:37.0,+36:37:18,12.0,11.3,,,,340.0,0.24,1.163,1.137,,1.7,5960.0
HAT-P-6 b,1.057,1.33,3.853003,0.05235,0.0,85.51,0.000262,S,2007,2012-07-05,,,detected by transit,,HAT-P-6,23:39:06.0,+42:27:58,10.5,10.6,,,,200.0,-0.13,1.29,1.46,F,2.3,6570.0
HAT-P-7 b,1.8,1.421,2.2047298,0.0379,0.0,84.1,0.000118,R,2008,2012-07-05,,,detected by transit,,HAT-P-7,19:28:59.0,+47:58:10,10.5,,,,,320.0,0.26,1.47,1.84,,,6350.0
HAT-P-8 b,1.34,1.5,3.0763402,0.0449,0.0,87.8,0.000195,S,2008,2011-11-28,,,detected by transit,,HAT-P-8,22:52:10.0,+35:26:50,10.17,,,,,230.0,0.01,1.28,1.58,,3.4,6200.0
HAT-P-9 b,0.67,1.4,3.922814,0.053,0.0,86.5,0.00011,R,2008,2011-05-20,,,detected by transit,,HAT-P-9,07:20:40.0,+37:08:26,,,11.27,11.04,11.02,480.0,0.12,1.28,1.32,F,1.6,6350.0
HATS-1 b,1.855,1.302,3.446459,0.0444,0.12,85.6,0.000147,R,2012,2012-06-08,60.0,,detected by transit,,HATS-1,11:42:06.0,-23:21:17,12.05,,,,,303.0,-0.06,0.986,1.038,,6.0,5870.0
HD 149026 b,0.356,0.718,2.8758916,0.04288,0.0,85.3,0.000543,R,2005,2012-07-05,,2453317.838,detected by transit,,HD 149026,16:30:29.0,+38:20:50,8.15,,,,,78.9,0.36,1.3,1.497,G0 IV,2.0,6147.0
HD 17156 b,3.191,1.095,21.2163979,0.1623,0.6768,87.21,0.002074,R,2007,2012-04-08,121.71,3738.529,detected by transit,,HD 17156,02:49:44.0,+71:45:12,8.17,,,,,78.24,0.24,1.275,1.508,G0,3.38,6079.0
HD 189733 b,1.138,1.138,2.21857312,0.03142,0.0041,85.51,0.001628,R,2005,2011-12-12,,,detected by transit,"H2O, CH4, CO, Na, H",HD 189733,20:00:43.0,+22:42:39,7.67,,,,,19.3,-0.03,0.8,0.788,K1-K2,0.6,4980.0
HD 209458 b,0.714,1.38,3.52474859,0.04747,0.0004,86.59,0.00101,R,1999,2012-07-05,83.0,,detected by transit,"H2O, H, Na, TiO, VO",HD 209458,22:03:10.0,+18:53:04,7.65,,,,,47.0,0.02,1.148,1.146,G0 V,4.0,6075.0
HD 80606 b,3.94,0.921,111.43637,0.449,0.93366,89.285,0.007688,R,2001,2012-01-26,300.651,2454424.857,detected by transit,K,HD 80606,09:22:37.0,+50:36:13,8.93,,,,,58.4,0.43,0.98,0.98,G5,7.63,5645.0
HD 97658 b,0.02,0.262,9.4957,0.0797,0.13,,0.003777,S,2010,2011-09-13,192.0,,detected by transit,,HD 97658,11:14:33.0,+25:42:37,6.27,,,,,21.1,-0.23,0.85,0.73,K1V,,5170.0
KELT-2A b,1.486,1.306,4.1137914,0.05498,0.185,,0.000427,R,2012,2012-06-11,160.0,2455974.83,detected by transit,,KELT-2A,06:10:39.0,+30:57:26,8.7,,,,,128.9,-0.015,1.31,1.842,F7V,,6148.0
KIC 10905746 b,,0.237,9.8844,0.0751,,88.42,,S,2011,2011-09-22,,,detected by transit,,KIC 10905746,18:54:31.0,+48:23:28,13.0,,,,,,-0.23,0.578,0.548,,,4240.0
KIC 6185331 b,,0.72,49.76971,0.2672,,89.2,,S,2011,2011-09-22,,,detected by transit,,KIC 6185331,18:57:06.0,+41:32:06,15.0,,,,,,0.11,1.027,1.27,,8.7,5619.0
KOI-13 b,12.1,1.83,1.7637,,,,,R,2011,2012-04-08,,,detected by transit,,KOI-13,19:07:53.0,+46:52:06,10.0,,,,,,-0.14,,2.44,,,8848.0
KOI-135 b,3.23,1.2,3.024095,0.0449,0.025,84.35,2.3e-05,R,2011,2011-10-26,,,detected by transit,,KOI-135,19:00:58.0,+46:40:06,14.0,,,,,1950.0,0.33,1.32,1.2,G0V/G0IV,2.8,6041.0
KOI-196 b,0.49,0.841,1.855558,0.029,0.0,88.3,4e-05,R,2011,2011-08-03,,,detected by transit,,KOI-196,19:38:03.0,+45:58:54,14.5,,,,,730.0,-0.09,0.94,0.966,G2V,7.4,5660.0
KOI-200 b,0.44,0.79,7.34,0.075,,,,S,2012,2012-06-05,,,detected by transit,,KOI-200,19:32:22.0,+41:21:20,15.0,,,,,,0.15,,0.76,,,5774.0
KOI-202 b,0.88,1.02,1.72,0.029,,,,S,2012,2012-06-05,,,detected by transit,,KOI-202,19:04:26.0,+43:40:52,14.5,,,,,,0.12,,1.04,,,5912.0
KOI-204 b,1.02,1.24,3.24674,0.0455,0.021,83.78,2e-05,R,2011,2011-10-26,,,detected by transit,,KOI-204,20:00:25.0,+45:45:44,15.0,,,,,2250.0,0.26,1.19,1.52,G2IV,6.95,5757.0
KOI-206 b,2.9,0.7,5.33,0.059,,,,S,2012,2012-06-05,,,detected by transit,,KOI-206,19:50:22.0,+40:58:38,14.5,,,,,,-0.13,,1.16,,,5771.0
KOI-254 b,0.505,0.96,2.455239,0.027,0.11,87.0,8.1e-05,S,2011,2012-04-05,230.0,,detected by transit,,KOI-254,19:31:30.0,+41:03:51,16.88,,,,,333.0,0.13,0.59,0.55,M,,3820.0
KOI-423 b,18.0,1.22,21.0874,0.155,0.121,88.83,0.000129,C,2011,2011-06-17,98.9,,detected by transit,,KOI-423,19:47:50.0,+46:02:04,14.3,,,,,1200.0,-0.29,1.1,1.39,F7IV,5.08,6260.0
KOI-428 b,2.2,1.17,6.87349,0.08,0.0,89.7,3e-05,R,2010,2011-01-01,,,detected by transit,,KOI-428,19:47:15.0,+47:31:36,14.76,,,,,2700.0,0.1,1.48,2.13,F5IV,2.8,6510.0
KOI-680 b,0.62,0.65,8.6,0.08,,,,S,2012,2012-06-05,,,detected by transit,,KOI-680,19:29:09.0,+43:11:50,14.0,,,,,,-0.46,,1.16,,,6060.0
KOI-730 b,,0.31,14.7903,0.12,,,,R,2011,2011-09-07,,,detected by transit,,KOI-730,19:53:16.0,+47:16:46,15.0,,,,,,,1.07,1.1,,,5590.0
KOI-730 c,,0.23,9.8499,0.092,,,,R,2011,2011-09-07,,,detected by transit,,KOI-730,19:53:16.0,+47:16:46,15.0,,,,,,,1.07,1.1,,,5590.0
KOI-730 d,,0.25,19.7216,0.145,,,,R,2011,2011-09-08,,,detected by transit,,KOI-730,19:53:16.0,+47:16:46,15.0,,,,,,,1.07,1.1,,,5590.0
KOI-730 e,,0.18,7.3831,0.076,,,,R,2011,2011-09-07,,,detected by transit,,KOI-730,19:53:16.0,+47:16:46,15.0,,,,,,,1.07,1.1,,,5590.0
KOI-872 b,6.0,0.812,33.60134,0.1967,0.01,89.033,0.00023,R,2012,2012-05-12,,,detected by transit,,KOI-872,19:17:05.0,+42:36:15,15.3,,,,,857.0,0.41,0.902,0.94,,9.9,5155.0
Kepler-10 b,0.0143,0.127,0.837495,0.01684,0.0,84.4,9.7e-05,R,2011,2011-01-11,,,detected by transit,,Kepler-10,19:02:43.0,+50:14:29,10.96,,,,,173.0,-0.15,0.895,1.056,G,11.9,5627.0
Kepler-10 c,0.063,0.199,45.29485,0.2407,0.0,89.65,0.001391,R,2011,2011-05-26,,,detected by transit,,Kepler-10,19:02:43.0,+50:14:29,10.96,,,,,173.0,-0.15,0.895,1.056,G,11.9,5627.0
Kepler-11 b,0.01353,0.1762,10.30375,0.091,0.0,88.5,,R,2011,2011-02-02,,,detected by transit,,Kepler-11,19:48:28.0,+41:54:33,13.7,,,,,,0.0,0.95,1.1,G,8.0,5680.0
Kepler-11 c,0.0425,0.28175,13.02502,0.106,0.0,89.0,,R,2011,2011-02-02,,,detected by transit,,Kepler-11,19:48:28.0,+41:54:33,13.7,,,,,,0.0,0.95,1.1,G,8.0,5680.0
Kepler-11 d,0.01919,0.3068,22.68719,0.159,0.0,89.3,,R,2011,2011-02-02,,,detected by transit,,Kepler-11,19:48:28.0,+41:54:33,13.7,,,,,,0.0,0.95,1.1,G,8.0,5680.0
Kepler-11 e,0.02643,0.4043,31.9959,0.194,0.0,88.8,,R,2011,2011-02-02,,,detected by transit,,Kepler-11,19:48:28.0,+41:54:33,13.7,,,,,,0.0,0.95,1.1,G,8.0,5680.0
Kepler-11 f,0.007237,0.2335,46.68876,0.25,0.0,89.4,,R,2011,2011-02-02,,,detected by transit,,Kepler-11,19:48:28.0,+41:54:33,13.7,,,,,,0.0,0.95,1.1,G,8.0,5680.0
Kepler-11 g,0.95,0.3274,118.37774,0.462,0.0,89.8,,R,2011,2011-02-02,,,detected by transit,,Kepler-11,19:48:28.0,+41:54:33,13.7,,,,,,0.0,0.95,1.1,G,8.0,5680.0
Kepler-12 b,0.431,1.695,4.4379637,0.0556,0.01,88.76,,R,2011,2011-09-09,182.0,,detected by transit,,Kepler-12,00:00:00.0,+00:00:00,13.4,,,,,,0.07,1.166,1.483,G0,4.0,5947.0
Kepler-14 b,8.4,1.136,6.790123,,0.035,90.0,,S,2011,2011-06-29,,,detected by transit,,Kepler-14,19:10:50.0,+47:19:59,12.12,,,,,980.0,0.12,1.512,2.048,F,2.2,6395.0
Kepler-15 b,0.66,0.96,4.942782,0.05714,,87.44,,R,2011,2011-08-02,,,detected by transit,,Kepler-15,00:00:00.0,+00:00:00,13.8,,,,,,0.36,1.018,0.992,,,5595.0
Kepler-16 (AB) b,0.333,0.7538,228.776,0.7048,0.00685,90.0322,,R,2011,2012-04-24,318.0,,detected by transit,,Kepler-16 (AB),19:16:18.0,+51:45:27,12.0,,,,,,-0.3,0.8499,0.65,K,,4450.0
Kepler-17 b,2.45,1.312,1.4857108,0.02591,0.011,87.2,3.2e-05,R,2011,2011-10-26,,,detected by transit,,Kepler-17,19:53:35.0,+47:48:54,14.0,,,,,800.0,0.26,1.16,1.05,G2V,1.78,5781.0
Kepler-18 b,0.0217,0.179,3.504725,0.0447,,84.92,,R,2011,2011-10-05,,,detected by transit,,Kepler-18,19:52:19.0,+44:44:47,14.0,,,,,,0.2,0.972,1.108,,10.0,5383.0
Kepler-18 c,0.054,0.49,7.64159,0.0752,,87.68,,R,2011,2011-10-05,,,detected by transit,,Kepler-18,19:52:19.0,+44:44:47,14.0,,,,,,0.2,0.972,1.108,,10.0,5383.0
Kepler-18 d,0.052,0.62,14.85888,0.1172,,88.07,,R,2011,2011-10-05,,,detected by transit,,Kepler-18,19:52:19.0,+44:44:47,14.0,,,,,,0.2,0.972,1.108,,10.0,5383.0
Kepler-19 b,0.064,0.198,9.2869944,0.085,,89.94,,R,2011,2011-09-09,,,detected by transit,,Kepler-19,19:21:41.0,+37:51:06,12.0,,,,,,-0.13,0.936,0.85,,1.9,5541.0
Kepler-20 b,0.027,0.17,3.6961219,0.04537,0.32,86.5,0.000156,R,2011,2011-12-21,,,detected by transit,,Kepler-20,19:10:48.0,+42:20:19,12.5,,,,,290.0,0.02,0.912,0.944,G8,8.8,5466.0
Kepler-20 c,0.051,0.27,10.854092,0.093,0.4,88.39,0.000321,R,2011,2011-12-21,,,detected by transit,,Kepler-20,19:10:48.0,+42:20:19,12.5,,,,,290.0,0.02,0.912,0.944,G8,8.8,5466.0
Kepler-20 d,0.06,0.25,77.61185,0.3453,0.6,89.57,0.001191,R,2011,2011-12-21,,,detected by transit,,Kepler-20,19:10:48.0,+42:20:19,12.5,,,,,290.0,0.02,0.912,0.944,G8,8.8,5466.0
Kepler-20 e,0.0097,0.078,6.098493,0.0507,,87.5,0.000175,R,2011,2011-12-23,,,detected by transit,,Kepler-20,19:10:48.0,+42:20:19,12.5,,,,,290.0,0.02,0.912,0.944,G8,8.8,5466.0
Kepler-20 f,0.045,0.09,19.57706,0.11,,88.68,0.000379,R,2011,2011-12-23,,,detected by transit,,Kepler-20,19:10:48.0,+42:20:19,12.5,,,,,290.0,0.02,0.912,0.944,G8,8.8,5466.0
Kepler-21 b,0.033,0.1459,2.785755,0.042507,0.0,82.58,0.000394,C,2011,2011-12-12,,,detected by transit,,Kepler-21,19:09:27.0,+38:42:50,8.27,,,,,108.0,-0.15,1.34,1.86,F6IV,2.84,6131.0
Kepler-22 b,0.11,0.21,289.8623,0.849,,89.764,0.004468,R,2011,2011-12-09,,,detected by transit,,Kepler-22,19:16:52.0,+47:53:04,12.0,,,,,190.0,-0.29,0.97,0.979,G5,,5518.0
Kepler-23 b,0.8,0.17,7.1073,0.075,,,,R,2012,2012-01-30,,,detected by transit,,Kepler-23,19:36:52.0,+49:28:45,14.0,,,,,,,1.11,1.52,,,5760.0
Kepler-23 c,2.7,0.29,10.7421,0.099,,,,R,2012,2012-01-30,,,detected by transit,,Kepler-23,19:36:52.0,+49:28:45,14.0,,,,,,,1.11,1.52,,,5760.0
Kepler-24 b,1.6,0.21,8.1453,0.08,,,,R,2012,2012-01-30,,,detected by transit,,Kepler-24,19:21:39.0,+38:20:38,15.5,,,,,,,1.03,1.07,,,5800.0
Kepler-24 c,1.6,0.25,12.3335,0.106,,,,R,2012,2012-01-30,,,detected by transit,,Kepler-24,19:21:39.0,+38:20:38,15.5,,,,,,,1.03,1.07,,,5800.0
Kepler-25 b,12.7,0.23,6.2385,0.068,,,,R,2012,2012-01-30,,,detected by transit,,Kepler-25,19:06:33.0,+39:29:16,11.0,,,,,,0.01,1.22,1.36,,,6190.0
Kepler-25 c,4.16,0.4,12.7204,0.11,,,,R,2012,2012-01-30,,,detected by transit,,Kepler-25,19:06:33.0,+39:29:16,11.0,,,,,,0.01,1.22,1.36,,,6190.0
Kepler-26 b,0.38,0.32,12.2829,0.085,,,,R,2012,2012-01-30,,,detected by transit,,Kepler-26,18:59:46.0,+46:34:00,16.0,,,,,,-0.21,0.65,0.59,,,4500.0
Kepler-26 c,0.375,0.32,17.2513,0.107,,,,R,2012,2012-01-30,,,detected by transit,,Kepler-26,18:59:46.0,+46:34:00,16.0,,,,,,-0.21,0.65,0.59,,,4500.0
Kepler-27 b,9.11,0.36,15.3348,0.118,,,,R,2012,2012-01-30,,,detected by transit,,Kepler-27,19:28:57.0,+41:05:09,,,,,,,0.41,0.65,0.59,,,5400.0
Kepler-27 c,13.8,0.44,31.3309,0.191,,,,R,,2012-01-30,,,detected by transit,,Kepler-27,19:28:57.0,+41:05:09,,,,,,,0.41,0.65,0.59,,,5400.0
Kepler-28 b,1.51,0.32,5.9123,0.062,,,,R,2012,2012-01-30,,,detected by transit,,Kepler-28,19:28:33.0,+42:25:46,15.5,,,,,,0.34,0.75,0.7,,,4590.0
Kepler-28 c,1.36,0.3,8.9858,0.081,,,,R,2012,2012-01-30,,,detected by transit,,Kepler-28,19:28:33.0,+42:25:46,15.5,,,,,,0.34,0.75,0.7,,,4590.0
Kepler-29 b,0.4,0.32,10.3376,0.09,,,,R,2012,2012-01-30,,,detected by transit,,Kepler-29,19:53:24.0,+47:29:28,15.5,,,,,,0.0,1.0,0.96,,,5750.0
Kepler-29 c,0.3,0.26,13.2907,0.11,,,,R,2012,2012-01-30,,,detected by transit,,Kepler-29,19:53:24.0,+47:29:28,15.5,,,,,,0.0,1.0,0.96,,,5750.0
Kepler-30 b,0.2,0.33,29.329,0.18,,,,R,2012,2012-01-30,,,detected by transit,,Kepler-30,19:01:08.0,+38:56:50,15.5,,,,,,0.18,0.99,0.95,,,5498.0
Kepler-30 c,9.1,1.29,60.3251,0.3,,,,R,2012,2012-01-30,,,detected by transit,,Kepler-30,19:01:08.0,+38:56:50,15.5,,,,,,0.18,0.99,0.95,,,5498.0
Kepler-30 d,17.0,0.96,143.213,0.5,,,,R,2012,2012-01-30,,,detected by transit,,Kepler-30,19:01:08.0,+38:56:50,15.5,,,,,,0.18,0.99,0.95,,,5498.0
Kepler-31 b,6.8,0.38,20.8613,0.16,,,,R,2012,2012-01-30,,,detected by transit,,Kepler-31,19:36:06.0,+45:51:11,15.5,,,,,,-0.08,1.21,1.22,,,6340.0
Kepler-31 c,4.7,0.38,42.6318,0.26,,,,R,2012,2012-01-30,,,detected by transit,,Kepler-31,19:36:06.0,+45:51:11,15.5,,,,,,-0.08,1.21,1.22,,,6340.0
Kepler-32 b,4.1,0.37,5.90124,0.05,,,,R,2012,2012-01-30,,,detected by transit,,Kepler-32,19:51:22.0,+46:34:27,16.0,,,,,,0.0,0.58,0.53,,,3900.0
Kepler-32 c,0.5,0.33,8.7522,0.09,,,,R,2012,2012-01-30,,,detected by transit,,Kepler-32,19:51:22.0,+46:34:27,16.0,,,,,,0.0,0.58,0.53,,,3900.0
Kepler-33 b,,0.16,5.66793,0.0677,,86.39,,R,2012,2012-01-30,,,detected by transit,,Kepler-33,19:16:19.0,+46:00:19,14.0,,,,,,,1.291,1.82,,4.27,5904.0
Kepler-33 c,,0.29,13.17562,0.1189,,88.19,,R,2012,2012-01-30,,,detected by transit,,Kepler-33,19:16:19.0,+46:00:19,14.0,,,,,,,1.291,1.82,,4.27,5904.0
Kepler-33 d,,0.48,21.77596,0.1662,,88.71,,R,2012,2012-01-30,,,detected by transit,,Kepler-33,19:16:19.0,+46:00:19,14.0,,,,,,,1.291,1.82,,4.27,5904.0
Kepler-33 e,,0.36,31.7844,0.2138,,88.94,,R,2012,2012-01-30,,,detected by transit,,Kepler-33,19:16:19.0,+46:00:19,14.0,,,,,,,1.291,1.82,,4.27,5904.0
Kepler-33 f,,0.4,41.02902,0.2535,,,,R,2012,2012-01-30,,,detected by transit,,Kepler-33,19:16:19.0,+46:00:19,14.0,,,,,,,1.291,1.82,,4.27,5904.0
Kepler-34(AB) b,0.22,0.764,288.822,1.0896,0.182,90.355,0.000727,R,2012,2012-04-24,,,detected by transit,,Kepler-34(AB),19:45:45.0,+44:38:30,15.0,,,,,1499.0,-0.07,2.0687,1.1,G,,5913.0
Kepler-35(AB) b,0.127,0.728,131.458,0.60347,0.042,90.76,0.000367,R,2012,2012-04-24,,,detected by transit,,Kepler-35(AB),19:37:59.0,+46:41:24,16.0,,,,,1645.0,-0.34,1.6971,1.0,G,,5606.0
Kepler-4 b,0.077,0.357,3.21346,0.0456,0.0,89.76,8.3e-05,R,2010,2010-01-06,,,detected by transit,,Kepler-4,19:02:28.0,+50:08:09,12.7,,,,,550.0,0.17,1.223,1.487,G0,4.5,5857.0
Kepler-42 b,0.009,0.07,1.2137672,0.0116,,,0.0003,R,2012,2012-05-21,,,detected by transit,,Kepler-42,19:28:53.0,+44:37:10,16.12,,,,,38.7,-0.48,0.13,0.17,,,3068.0
Kepler-42 c,0.006,0.065,0.45328509,0.006,,,0.000155,R,2012,2012-05-16,,,detected by transit,,Kepler-42,19:28:53.0,+44:37:10,16.12,,,,,38.7,-0.48,0.13,0.17,,,3068.0
Kepler-42 d,0.003,0.051,1.856169,0.0154,,,0.000398,R,2012,2012-05-16,,,detected by transit,,Kepler-42,19:28:53.0,+44:37:10,16.12,,,,,38.7,-0.48,0.13,0.17,,,3068.0
Kepler-5 b,2.114,1.431,3.54846,0.05064,0.0,86.3,,W,2010,2010-04-23,,,detected by transit,,Kepler-5,19:57:38.0,+44:02:06,,,,,,,0.04,1.374,1.793,,,6297.0
Kepler-6 b,0.669,1.323,3.234723,0.04567,0.0,86.8,,R,2010,2011-12-01,,,detected by transit,,Kepler-6,19:47:21.0,+48:14:24,,,,,,,0.34,1.209,1.391,,3.8,5647.0
Kepler-7 b,0.433,1.614,4.885525,0.06246,0.1,85.18,,R,2010,2011-05-27,357.1,,detected by transit,,Kepler-7,19:14:20.0,+41:05:23,,,,,,,0.11,1.36,2.02,,3.5,5933.0
Kepler-8 b,0.603,1.419,3.52254,0.0483,0.0,84.07,3.6e-05,C,2010,2012-07-05,,,detected by transit,,Kepler-8,18:45:09.0,+42:27:04,13.9,,,,,1330.0,-0.055,1.213,1.486,,3.84,6213.0
Kepler-9 b,0.252,0.842,19.243158,0.14,,88.55,,R,2010,2010-09-09,,,detected by transit,,Kepler-9,19:02:18.0,+38:24:03,13.9,,,,,,0.17,1.0,1.1,,3.0,5722.0
Kepler-9 c,0.171,0.823,38.90861,0.225,,88.12,,R,2010,2010-09-09,,,detected by transit,,Kepler-9,19:02:18.0,+38:24:03,13.9,,,,,,0.17,1.0,1.1,,3.0,5722.0
Kepler-9 d,0.022,0.147,1.592851,0.0273,,,,R,2010,2010-11-23,,,detected by transit,,Kepler-9,19:02:18.0,+38:24:03,13.9,,,,,,0.17,1.0,1.1,,3.0,5722.0
OGLE-TR-10 b,0.68,1.72,3.10129,0.04162,0.0,84.5,2.8e-05,R,2004,2010-06-24,,,detected by transit,,OGLE-TR-10,17:51:28.0,-29:52:34,,14.93,,,,1500.0,0.28,1.18,1.16,G or K,1.1,6075.0
OGLE-TR-111 b,0.54,1.077,4.01451,0.047,0.0,88.1,3.1e-05,R,2004,2010-12-14,,,detected by transit,,OGLE-TR-111,10:53:18.0,-61:24:20,,15.55,,,,1500.0,0.12,0.82,0.831,G or K,1.1,5070.0
OGLE-TR-113 b,1.24,1.11,1.4324772,0.0229,0.0,89.4,1.5e-05,R,2004,2010-06-24,,,detected by transit,,OGLE-TR-113,10:52:24.0,-61:26:48,,14.42,,,,1500.0,0.14,0.78,0.765,K,0.7,4752.0
OGLE-TR-132 b,1.17,1.23,1.689868,0.0306,0.0,83.4,2e-05,R,2004,2010-12-16,,,detected by transit,,OGLE-TR-132,10:50:34.0,-61:57:25,,15.72,,,,1500.0,0.37,1.26,1.34,F,,6210.0
OGLE-TR-182 b,1.06,1.47,3.9791,0.051,0.0,85.7,,S,2007,2010-06-24,,,detected by transit,,OGLE-TR-182,11:09:19.0,-61:05:43,16.84,15.86,15.45,14.9,14.74,,0.37,1.14,1.14,,,5924.0
OGLE-TR-211 b,0.75,1.26,3.67724,0.051,0.0,87.2,,S,2007,2010-06-24,,,detected by transit,,OGLE-TR-211,10:40:15.0,-62:27:20,,14.3,,,,,0.11,1.33,1.64,,,6325.0
OGLE-TR-56 b,1.3,1.2,1.211909,0.0225,0.0,78.8,1.5e-05,R,2002,2010-06-24,,,detected by transit,,OGLE-TR-56,17:56:35.0,-29:32:21,16.6,,,,,1500.0,,1.17,1.32,G,2.0,
OGLE2-TR-L9 b,4.34,1.614,2.4855335,0.0308,,79.8,3.4e-05,R,2007,2010-12-06,,,detected by transit,,OGLE2-TR-L9,11:07:55.0,-61:08:46,,13.97,13.51,13.25,13.12,900.0,-0.05,1.52,1.53,F3,0.66,6933.0
Qatar-1 b,1.09,1.164,1.420033,0.02343,0.0,83.47,,S,2010,2010-12-24,,,detected by transit,,Qatar-1,20:13:32.0,+65:09:43,12.84,,,,,,0.2,0.85,0.823,K,4.0,4861.0
Qatar-2 b,2.487,1.144,1.3371182,0.02149,0.0,88.3,,C,2011,2011-10-28,,,detected by transit,,Qatar-2,13:50:37.0,-06:48:14,13.3,,,,,,0.0,0.74,0.713,K,,4645.0
SWEEPS-04 ,3.8,0.81,4.2,0.055,,87.0,6e-06,R,2006,2007-11-26,,,detected by transit,,SWEEPS-04,17:58:54.0,-29:11:21,18.8,,,,,8500.0,,1.24,1.18,,,
SWEEPS-11 ,9.7,1.13,1.796,0.03,,84.0,4e-06,R,2006,2007-11-26,,,detected by transit,,SWEEPS-11,17:59:03.0,-29:11:54,19.83,,,,,8500.0,,1.1,1.45,,,
TrES-1 ,0.761,1.099,3.0300722,0.0393,0.0,88.4,0.00025,R,2004,2011-02-09,,,detected by transit,,TrES-1,19:04:09.0,+36:37:57,11.79,,,,,157.0,0.001,0.88,0.85,K0V,2.5,
TrES-2 ,1.253,1.169,2.470613402,0.03556,0.0,83.874,0.000162,S,2006,2012-05-22,,,detected by transit,,TrES-2,19:07:14.0,+49:18:59,11.41,,,,,220.0,-0.15,0.98,1.0,G0V,5.1,5850.0
TrES-3 ,1.91,1.305,1.30618608,0.0226,0.0,82.15,,R,2007,2010-12-13,,,detected by transit,,TrES-3,17:52:07.0,+37:32:46,12.4,,,,,,-0.19,0.924,0.813,G,,5720.0
TrES-4 ,0.917,1.706,3.5539268,0.05084,0.0,82.81,0.000106,S,2007,2012-04-08,,,detected by transit,,TrES-4,17:53:13.0,+37:12:42,11.592,,,,,479.0,0.14,1.388,1.798,F,2.9,6200.0
TrES-5 ,1.778,1.209,1.4822446,0.02446,,84.529,6.8e-05,R,2011,2011-09-05,,,detected by transit,,TrES-5,20:20:53.0,+59:26:57,13.72,,,,,360.0,0.2,0.893,0.866,,7.38,5171.0
WASP-1 b,0.86,1.484,2.5199464,0.0382,0.0,88.65,,S,2006,2011-06-15,,,detected by transit,,WASP-1,00:20:40.0,+31:59:24,11.79,,,,,,,1.24,1.382,F7V,,6200.0
WASP-10 b,3.06,1.08,3.0927616,0.0371,0.057,86.8,0.000412,C,2008,2008-12-02,2.737,,detected by transit,,WASP-10,23:15:58.0,+31:27:46,12.7,,,,,90.0,0.03,0.71,0.783,K5,0.8,4675.0
WASP-11_HAT-P-10 b,0.46,1.045,3.722469,0.0439,0.0,88.5,0.000351,S,2008,2008-11-27,,,detected by transit,,WASP-11/HAT-P-10,03:09:29.0,+30:40:25,11.89,,,,,125.0,0.13,0.82,0.81,K3V,11.2,4980.0
WASP-12 b,1.404,1.736,1.0914222,0.02293,0.0,86.0,5.4e-05,C,2008,2012-07-05,,,detected by transit,"CO, CH4",WASP-12,06:30:33.0,+29:40:20,11.69,11.03,10.48,10.23,10.19,427.0,0.3,1.35,1.599,G0,1.7,6300.0
WASP-13 b,0.485,1.365,4.353011,0.05379,0.0,85.64,0.000345,C,2008,2011-09-14,,,detected by transit,,WASP-13,09:20:25.0,+33:52:57,10.42,,,,,156.0,0.0,,,G1V,,5826.0
WASP-14 b,7.341,1.281,2.2437661,0.036,0.087,84.79,0.000225,R,2008,2012-04-08,-107.1,,detected by transit,,WASP-14,14:33:06.0,+21:53:41,9.75,,,,,160.0,0.0,1.211,1.306,F5V,0.75,6475.0
WASP-15 b,0.542,1.428,3.7520656,0.0499,0.0,85.5,0.000162,C,2008,2010-11-29,,,detected by transit,,WASP-15,13:55:43.0,-32:09:35,10.9,,,,,308.0,-0.17,1.18,1.477,F7,3.9,6300.0
WASP-16 b,0.855,1.008,3.1186009,0.0421,0.0,85.22,,R,2009,2012-07-05,,,detected by transit,,WASP-16,14:18:44.0,-20:16:32,11.3,,,,,,0.01,1.022,0.946,G3V,2.3,5550.0
WASP-17 b,0.486,1.991,3.735438,0.0515,0.028,86.83,,S,2009,2012-04-08,-82.6,,detected by transit,"Na, Na",WASP-17,15:59:51.0,-28:03:42,11.6,,,,,,-0.19,1.2,1.38,F4,3.0,6650.0
WASP-18 b,10.43,1.165,0.9414518,0.02047,0.0088,86.0,0.000205,R,2009,2012-07-05,-91.0,,detected by transit,,WASP-18,01:37:25.0,-45:40:40,9.3,,,,,100.0,0.0,1.24,1.23,F6,0.63,6400.0
WASP-19 b,1.168,1.386,0.78884,0.01655,0.0046,79.4,,R,2009,2012-07-05,3.0,,detected by transit,,WASP-19,09:53:40.0,-45:39:33,12.3,,,,,,0.02,0.97,0.99,G8V,0.6,5500.0
WASP-2 b,0.847,1.079,2.15222144,0.03138,0.0,84.73,0.000218,S,2006,2011-06-15,,,detected by transit,,WASP-2,20:30:54.0,+06:25:46,11.98,,,,,144.0,-0.08,0.84,0.834,K1V,,5150.0
WASP-20 b,0.3,0.9,4.0,,,,,C,2011,2011-09-13,,,detected by transit,,WASP-20,00:00:00.0,+00:00:00,,,,,,,,,,,,
WASP-21 b,0.3,1.21,4.322506,0.052,0.0,87.29,0.000226,S,2010,2011-06-13,,,detected by transit,,WASP-21,23:09:58.0,+18:23:46,11.6,,,,,230.0,-0.4,1.01,1.06,G3V,,5800.0
WASP-22 b,0.588,1.158,3.5327313,0.04698,0.0,88.26,0.000157,R,2010,2011-07-01,,,detected by transit,,WASP-22,03:31:16.0,-23:49:11,12.0,,,,,300.0,-0.05,1.1,1.13,,,6000.0
WASP-23 b,0.884,0.962,2.9444256,0.0376,0.062,88.39,,C,2010,2011-03-24,,,detected by transit,,WASP-23,06:44:31.0,-42:45:43,12.7,,,,,,,0.78,0.765,K1V,,5150.0
WASP-24 b,1.032,1.104,2.3412083,0.0359,0.0,83.64,0.000109,W,2010,2010-11-29,,,detected by transit,,WASP-24,15:08:52.0,+02:20:36,11.3,,,,,330.0,0.07,1.129,1.147,F8-9,1.6,6075.0
WASP-25 b,0.58,1.26,3.76483,0.0474,0.0,87.7,0.00028,W,2010,2012-03-23,,,detected by transit,,WASP-25,13:01:26.0,-27:31:20,11.9,,,,,169.0,-0.05,1.0,0.95,G4,,5750.0
WASP-26 b,1.028,1.281,2.7566004,0.03985,0.0,82.91,0.000159,R,2010,2012-07-05,,,detected by transit,,WASP-26,00:18:25.0,-15:16:02,11.3,,,,,250.0,-0.02,1.12,1.34,G0,6.0,5950.0
WASP-28 b,0.91,1.12,3.408821,0.0455,0.046,89.1,0.000136,S,2010,2010-04-20,,,detected by transit,,WASP-28,23:34:28.0,-01:34:48,12.0,,,,,334.0,-0.29,1.08,1.05,F8-G0,,6100.0
WASP-29 b,0.244,0.792,3.922727,0.0457,0.03,88.8,0.000571,S,2010,2010-09-28,,,detected by transit,,WASP-29,23:51:31.0,-39:54:24,11.3,,,,,80.0,0.11,0.825,0.846,K4V,15.0,4800.0
WASP-3 b,2.06,1.454,1.8468372,0.0313,0.0,85.06,0.00014,C,2007,2011-06-23,,,detected by transit,,WASP-3,18:34:32.0,+35:39:42,10.64,,,,,223.0,0.0,1.24,1.31,F7V,,6400.0
WASP-31 b,0.478,1.537,3.405909,0.04657,0.0,84.54,0.000116,R,2010,2012-07-05,,,detected by transit,,WASP-31,11:17:45.0,-19:03:17,11.7,,,,,400.0,-0.19,1.16,1.24,F,,6200.0
WASP-32 b,3.6,1.18,2.71865,0.0394,0.018,85.3,,R,2010,2010-10-11,160.0,,detected by transit,,WASP-32,00:15:51.0,+01:12:02,11.3,,,,,,-0.13,1.1,1.11,G,,6100.0
WASP-33 b,4.59,1.438,1.21986967,0.02558,0.0,87.67,0.000221,W,2010,2012-04-08,,,detected by transit,,WASP-33,02:26:51.0,+37:33:02,8.3,,,,,116.0,0.1,1.495,1.444,A5,,7400.0
WASP-34 b,0.59,1.22,4.3176782,0.0524,0.038,85.2,0.000437,R,2010,2010-12-13,-40.2,,detected by transit,,WASP-34,11:01:36.0,-23:51:38,10.4,,,,,120.0,-0.02,1.01,0.93,G5,,5700.0
WASP-35 b,0.72,1.32,3.161575,0.04317,0.0,87.96,,C,2011,2011-04-15,,,detected by transit,,WASP-35,00:00:00.0,+00:00:00,,,,,,,,,,,,
WASP-36 b,2.279,1.269,1.5373653,0.02624,0.0,83.65,5.8e-05,C,2010,2011-10-25,,,detected by transit,,WASP-36,08:45:19.0,-08:01:37,12.7,,,,,450.0,-0.31,1.02,0.943,G2,3.0,5881.0
WASP-37 b,1.696,1.136,3.577471,0.04339,0.0,88.78,0.000128,S,2010,2010-08-19,,,detected by transit,,WASP-37,14:47:47.0,+01:03:54,12.7,,,,,338.0,-0.4,0.849,0.977,G2,11.0,5800.0
WASP-38 b,2.712,1.079,6.871815,0.07551,0.0321,88.69,0.000686,R,2010,2012-04-08,-19.0,,detected by transit,,WASP-38,16:15:50.0,+10:01:57,9.42,,,,,110.0,-0.12,1.216,1.365,F8,5.0,6150.0
WASP-39 b,0.28,1.27,4.055259,0.0486,0.0,87.83,0.000211,R,2011,2011-09-08,,,detected by transit,,WASP-39,14:29:18.0,-03:26:40,12.11,,,,,230.0,-0.12,0.93,0.895,G8,,5400.0
WASP-4 b,1.1215,1.363,1.33823187,0.02312,0.0,88.8,7.7e-05,W,2007,2011-04-04,,,detected by transit,,WASP-4,23:34:15.0,-42:03:41,12.6,,,,,300.0,-0.03,0.93,1.15,G8,,5500.0
WASP-41 b,0.92,1.21,3.052394,0.04,0.0,87.3,0.000222,C,2010,2010-12-15,,,detected by transit,,WASP-41,00:00:00.0,+00:00:00,11.6,,,,,180.0,-0.08,0.95,1.01,G8V,,5450.0
WASP-42 b,0.5,1.08,4.9816872,0.0458,0.06,88.25,,R,2011,2012-05-15,167.0,,detected by transit,,WASP-42,00:00:00.0,+00:00:00,,,,,,,,,,,,
WASP-43 b,2.034,1.036,0.81347753,0.01526,0.0035,82.33,,R,2011,2012-05-29,-32.0,,detected by transit,,WASP-43,10:19:38.0,-09:48:23,12.4,,,,,,-0.01,0.717,0.667,K7V,0.4,4520.0
WASP-44 b,0.889,1.14,2.4238039,0.03473,0.0,86.02,,R,2011,2011-05-17,,,detected by transit,,WASP-44,00:15:37.0,-11:56:17,12.9,,,,,,0.06,0.951,0.927,G8V,0.9,5410.0
WASP-45 b,1.007,1.16,3.1260876,0.04054,0.0,84.47,,R,2011,2011-05-17,,,detected by transit,,WASP-45,00:20:57.0,-35:59:54,12.0,,,,,,0.36,0.909,0.945,K2V,1.4,5140.0
WASP-46 b,2.101,1.31,1.43037,0.02448,0.0,82.63,,R,2011,2011-05-17,,,detected by transit,,WASP-46,21:14:57.0,-55:52:18,12.9,,,,,,-0.37,0.956,0.917,G6V,1.4,5620.0
WASP-47 b,1.14,1.15,4.1591399,0.052,0.0,89.2,0.00026,R,2011,2012-04-24,,,detected by transit,,WASP-47,22:04:49.0,-12:01:08,11.9,,,,,200.0,0.18,1.084,1.15,G9V,,5400.0
WASP-48 b,0.98,1.67,2.143634,0.03444,0.0,80.09,,R,2011,2011-04-15,,,detected by transit,,WASP-48,19:24:39.0,+55:28:23,11.06,,,,,,-0.12,1.19,1.75,,,5990.0
WASP-49 b,0.378,1.115,2.7817387,0.0378,,84.89,,R,2011,2012-05-15,,,detected by transit,,WASP-49,00:00:00.0,+00:00:00,,,,,,,,,,,,
WASP-5 b,1.637,1.171,1.6284246,0.02729,0.0,85.8,9.2e-05,C,2007,2010-11-29,,,detected by transit,,WASP-5,23:57:24.0,-41:16:38,12.26,,,,,297.0,0.09,1.0,1.084,G5,3.0,5700.0
WASP-50 b,1.468,1.153,1.9550959,0.02945,0.009,84.74,0.000128,R,2011,2011-09-02,44.0,,detected by transit,,WASP-50,02:54:45.0,-10:53:53,11.6,,,,,230.0,-0.12,0.892,0.843,G9,,5400.0
WASP-52 b,0.5,1.3,1.7,,,,,C,2011,2011-09-13,,,detected by transit,,WASP-52,00:00:00.0,+00:00:00,,,,,,,,,,,,
WASP-53 b,2.5,1.2,3.3,,,,,C,2011,2011-09-13,,,detected by transit,,WASP-53,00:00:00.0,+00:00:00,,,,,,,,,,,,
WASP-54 b,0.6,1.4,3.7,,,,,C,2011,2011-09-13,,,detected by transit,,WASP-54,00:00:00.0,+00:00:00,,,,,,,,,,,,
WASP-55 b,0.57,1.3,4.465633,0.0533,0.0,89.2,0.000162,R,2011,2012-04-24,,,detected by transit,,WASP-55,13:55:02.0,-17:30:13,11.8,,,,,330.0,-0.2,1.01,1.06,,,5900.0
WASP-56 b,0.6,1.2,4.6,,,,,C,2011,2011-09-13,,,detected by transit,,WASP-56,00:00:00.0,+00:00:00,,,,,,,,,,,,
WASP-57 b,0.8,1.1,2.8,,,,,C,2011,2011-09-13,,,detected by transit,,WASP-57,00:00:00.0,+00:00:00,,,,,,,,,,,,
WASP-58 b,1.1,1.3,5.0,,,,,C,2011,2011-09-13,,,detected by transit,,WASP-58,00:00:00.0,+00:00:00,,,,,,,,,,,,
WASP-59 b,0.7,0.9,7.9,,,,,C,2011,2011-09-13,,,detected by transit,,WASP-59,00:00:00.0,+00:00:00,,,,,,,,,,,,
WASP-6 b,0.503,1.224,3.361006,0.0421,0.054,88.47,0.000137,C,2008,2012-04-08,1.7,,detected by transit,,WASP-6,23:12:38.0,-22:40:26,12.4,,,,,307.0,-0.2,0.888,0.87,G8,11.0,5450.0
WASP-60 b,0.5,0.9,4.3,,,,,C,2011,2011-09-13,,,detected by transit,,WASP-60,00:00:00.0,+00:00:00,,,,,,,,,,,,
WASP-61 b,2.06,1.24,3.8559,0.0514,0.0,89.35,0.000107,R,2011,2012-04-24,,,detected by transit,,WASP-61,05:01:12.0,-26:03:15,12.5,,,,,480.0,-0.1,1.22,1.36,F7,,6250.0
WASP-62 b,0.57,1.39,4.411953,0.0567,0.0,88.3,0.000354,R,2011,2012-04-24,,,detected by transit,,WASP-62,05:48:34.0,-63:59:18,10.3,,,,,160.0,0.04,1.25,1.28,F7,,6230.0
WASP-63 b,0.38,1.43,4.37809,0.574,0.0,87.8,0.001739,R,2011,2012-04-24,,,detected by transit,,WASP-63,06:17:21.0,-38:19:24,11.2,,,,,330.0,0.08,1.32,1.88,G8,,5550.0
WASP-64 b,1.2,0.7,1.6,,,,,C,2011,2011-09-13,,,detected by transit,,WASP-64,00:00:00.0,+00:00:00,,,,,,,,,,,,
WASP-65 b,1.6,1.3,2.3,,,,,C,2011,2011-09-13,,,detected by transit,,WASP-65,00:00:00.0,+00:00:00,,,,,,,,,,,,
WASP-66 b,2.32,1.39,4.086052,0.0546,0.0,85.9,0.000144,R,2011,2012-04-24,,,detected by transit,,WASP-66,10:32:54.0,-34:59:23,11.6,,,,,380.0,-0.31,1.3,1.75,F4,,6600.0
WASP-67 b,0.42,1.4,4.61442,0.0517,0.0,85.8,0.00023,R,2011,2012-04-24,,,detected by transit,,WASP-67,19:42:59.0,-19:56:58,12.5,,,,,225.0,-0.07,0.87,0.87,kov,,5200.0
WASP-68 b,0.8,0.9,5.1,,,,,C,2011,2011-09-13,,,detected by transit,,WASP-68,00:00:00.0,+00:00:00,,,,,,,,,,,,
WASP-69 b,0.3,1.0,3.9,,,,,C,2011,2011-09-13,,,detected by transit,,WASP-69,00:00:00.0,+00:00:00,,,,,,,,,,,,
WASP-7 b,0.96,1.33,4.9546416,0.0617,0.0,87.03,0.000441,C,2008,2012-04-08,,,detected by transit,,WASP-7,20:44:10.0,-39:13:31,9.51,,,,,140.0,0.0,1.276,1.432,F5V,2.4,6400.0
WASP-70 b,0.6,0.8,3.7,,,,,C,2011,2011-09-13,,,detected by transit,,WASP-70,00:00:00.0,+00:00:00,,,,,,,,,,,,
WASP-78 b,1.16,1.75,2.17517656,0.0415,0.0,89.0,7.5e-05,S,2012,2012-06-07,,,detected by transit,,WASP-78,04:15:02.0,-22:06:59,12.0,,,,,550.0,-0.35,2.02,2.31,F8,,6100.0
WASP-79 b,0.89,1.7,2.17517632,0.0362,0.0,83.2,0.000151,S,2012,2012-06-07,,,detected by transit,,WASP-79,04:25:29.0,-30:36:02,10.1,,,,,240.0,0.03,1.56,1.64,F3,,6600.0
WASP-8 b,2.244,1.038,8.158715,0.0801,0.31,88.55,0.000921,S,2008,2012-04-08,-85.73,,detected by transit,,WASP-8,23:59:36.0,-35:01:53,9.9,,,,,87.0,0.17,1.033,0.953,G6,4.0,5600.0
XO-1 b,0.9,1.184,3.9415128,0.0488,0.0,89.31,0.000244,R,2006,2010-10-11,,,detected by transit,,XO-1,16:02:12.0,+28:10:11,11.3,,,,,200.0,,1.0,0.928,G1V,4.5,
XO-2 b,0.62,0.973,2.615838,0.0369,0.045,88.7,0.000248,C,2007,2011-10-28,,,detected by transit,K,XO-2,07:48:07.0,+50:13:33,11.18,,,,,149.0,0.45,0.98,0.964,K0V,2.0,5340.0
XO-3 b,11.79,1.217,3.1915239,0.0454,0.26,84.2,0.000175,C,2007,2012-04-08,345.8,2454024.84,detected by transit,,XO-3,04:21:53.0,+57:49:01,9.8,9.28,9.01,8.85,8.79,260.0,-0.177,1.213,1.377,F5V,2.82,6429.0
XO-4 b,1.72,1.34,4.1250823,0.0555,0.0,88.7,0.000189,S,2008,2011-11-28,,,detected by transit,,XO-4,07:21:33.0,+58:16:05,10.7,,9.67,9.48,9.41,293.0,-0.04,1.32,1.55,F5V,2.1,5700.0
XO-5 b,1.077,1.03,4.1877537,0.0487,0.0,86.8,0.000191,S,2008,2011-03-08,,,detected by transit,,XO-5,07:46:52.0,+39:05:41,12.13,,10.77,10.44,,255.0,0.18,0.88,1.06,G8V,8.5,5510.0
